<?xml version="1.0" encoding="utf-8" ?><dwsync><file name="animate.css" server="jordanlynton.com" local="3565560860" remote="3606916380" Dst="-1" /><file name="jquery.jscrollpane.custom.css" server="jordanlynton.com" local="3416068890" remote="3606916380" Dst="-1" /><file name="bootstrap.min.css" server="jordanlynton.com" local="3552820286" remote="3606916380" Dst="-1" /><file name="jquery.fancybox.css" server="jordanlynton.com" local="3557692920" remote="3606916380" Dst="-1" /><file name="animate.css" server="jordanlynton.com/public_html/" local="3565560860" remote="3607437360" Dst="-1" /><file name="jquery.jscrollpane.custom.css" server="jordanlynton.com/public_html/" local="3416068890" remote="3607437360" Dst="-1" /><file name="bootstrap.min.css" server="jordanlynton.com/public_html/" local="3552820286" remote="3607437360" Dst="-1" /><file name="jquery.fancybox.css" server="jordanlynton.com/public_html/" local="3557692920" remote="3607437360" Dst="-1" /></dwsync>