<?xml version="1.0" encoding="utf-8" ?><dwsync><file name="fontawesome-webfont.eot" server="jordanlynton.com" local="3552820340" remote="3606916380" Dst="-1" /><file name="fontawesome-webfont.ttf" server="jordanlynton.com" local="3552820346" remote="3606916380" Dst="-1" /><file name="fontawesome-webfont.woff" server="jordanlynton.com" local="3552820348" remote="3606916380" Dst="-1" /><file name="fontawesome-webfont.svg" server="jordanlynton.com" local="3552820344" remote="3606916380" Dst="-1" /><file name="fontawesome-webfont.woff2" server="jordanlynton.com" local="3552820348" remote="3606916380" Dst="-1" /><file name="FontAwesome.otf" server="jordanlynton.com" local="3552820350" remote="3606916380" Dst="-1" /><file name="fontawesome-webfont.eot" server="jordanlynton.com/public_html/" local="3552820340" remote="3607437360" Dst="-1" /><file name="fontawesome-webfont.woff" server="jordanlynton.com/public_html/" local="3552820348" remote="3607437360" Dst="-1" /><file name="fontawesome-webfont.ttf" server="jordanlynton.com/public_html/" local="3552820346" remote="3607437360" Dst="-1" /><file name="fontawesome-webfont.svg" server="jordanlynton.com/public_html/" local="3552820344" remote="3607437360" Dst="-1" /><file name="fontawesome-webfont.woff2" server="jordanlynton.com/public_html/" local="3552820348" remote="3607437360" Dst="-1" /><file name="FontAwesome.otf" server="jordanlynton.com/public_html/" local="3552820350" remote="3607437360" Dst="-1" /></dwsync>