<?xml version="1.0" encoding="utf-8" ?><dwsync><file name="1.jpg" server="jordanlynton.com" local="3557664646" remote="3606916380" Dst="-1" /><file name="2.jpg" server="jordanlynton.com" local="3557664652" remote="3606916380" Dst="-1" /><file name="3.jpg" server="jordanlynton.com" local="3557664660" remote="3606916380" Dst="-1" /><file name="4.jpg" server="jordanlynton.com" local="3557664668" remote="3606916380" Dst="-1" /><file name="1.jpg" server="jordanlynton.com/public_html/" local="3557664646" remote="3607437360" Dst="-1" /><file name="2.jpg" server="jordanlynton.com/public_html/" local="3607086743" remote="3607437360" Dst="-1" /><file name="3.jpg" server="jordanlynton.com/public_html/" local="3557664660" remote="3607437360" Dst="-1" /><file name="4.jpg" server="jordanlynton.com/public_html/" local="3557664668" remote="3607437360" Dst="-1" /><file name=".DS_Store" server="jordanlynton.com/public_html/" local="3608582052" remote="3608574900" Dst="-1" /></dwsync>