<?xml version="1.0" encoding="utf-8" ?><dwsync><file name="bootstrap.min.js" server="jordanlynton.com" local="3552820292" remote="3606916440" Dst="-1" /><file name="gmap3.min.js" server="jordanlynton.com" local="3534900860" remote="3606916440" Dst="-1" /><file name="jquery.counterup.min.js" server="jordanlynton.com" local="3552820292" remote="3606916440" Dst="-1" /><file name="jquery.easing.1.3.js" server="jordanlynton.com" local="3416163664" remote="3606916440" Dst="-1" /><file name="jquery.fancybox.pack.js" server="jordanlynton.com" local="3552820292" remote="3606916440" Dst="-1" /><file name="jquery.js" server="jordanlynton.com" local="3558688996" remote="3606916440" Dst="-1" /><file name="jquery.jscrollpane.min.js" server="jordanlynton.com" local="3412822730" remote="3606916440" Dst="-1" /><file name="jquery.mixitup.min.js" server="jordanlynton.com" local="3564499472" remote="3606916440" Dst="-1" /><file name="jquery.mousewheel.js" server="jordanlynton.com" local="3412822730" remote="3606916440" Dst="-1" /><file name="newsticker.js" server="jordanlynton.com" local="3552820296" remote="3606916440" Dst="-1" /><file name="script-vertical.js" server="jordanlynton.com" local="3566604574" remote="3606916440" Dst="-1" /><file name="script.js" server="jordanlynton.com" local="3566604532" remote="3606916440" Dst="-1" /><file name="waypoints.min.js" server="jordanlynton.com" local="3552820296" remote="3606916440" Dst="-1" /><file name="wow.js" server="jordanlynton.com" local="3552820298" remote="3606916440" Dst="-1" /><file name="bootstrap.min.js" server="jordanlynton.com/public_html/" local="3552820292" remote="3607437360" Dst="-1" /><file name="gmap3.min.js" server="jordanlynton.com/public_html/" local="3534900860" remote="3607437360" Dst="-1" /><file name="jquery.counterup.min.js" server="jordanlynton.com/public_html/" local="3552820292" remote="3607437360" Dst="-1" /><file name="jquery.easing.1.3.js" server="jordanlynton.com/public_html/" local="3416163664" remote="3607437360" Dst="-1" /><file name="jquery.fancybox.pack.js" server="jordanlynton.com/public_html/" local="3552820292" remote="3607437360" Dst="-1" /><file name="jquery.js" server="jordanlynton.com/public_html/" local="3558688996" remote="3607437360" Dst="-1" /><file name="jquery.jscrollpane.min.js" server="jordanlynton.com/public_html/" local="3412822730" remote="3607437360" Dst="-1" /><file name="jquery.mixitup.min.js" server="jordanlynton.com/public_html/" local="3564499472" remote="3607437360" Dst="-1" /><file name="newsticker.js" server="jordanlynton.com/public_html/" local="3552820296" remote="3607437360" Dst="-1" /><file name="jquery.mousewheel.js" server="jordanlynton.com/public_html/" local="3412822730" remote="3607437360" Dst="-1" /><file name="script-vertical.js" server="jordanlynton.com/public_html/" local="3566604574" remote="3607437360" Dst="-1" /><file name="script.js" server="jordanlynton.com/public_html/" local="3566604532" remote="3607437360" Dst="-1" /><file name="waypoints.min.js" server="jordanlynton.com/public_html/" local="3552820296" remote="3607437360" Dst="-1" /><file name="wow.js" server="jordanlynton.com/public_html/" local="3552820298" remote="3607437360" Dst="-1" /><file name=".DS_Store" server="jordanlynton.com/public_html/" local="3608580431" remote="3608573820" Dst="-1" /></dwsync>