<?xml version="1.0" encoding="utf-8" ?><dwsync><file name="1.jpg" server="jordanlynton.com" local="3558884818" remote="3606916380" Dst="-1" /><file name="2.jpg" server="jordanlynton.com" local="3558884818" remote="3606916380" Dst="-1" /><file name="3.jpg" server="jordanlynton.com" local="3558884818" remote="3606916380" Dst="-1" /><file name="4.jpg" server="jordanlynton.com" local="3558884818" remote="3606916380" Dst="-1" /><file name="5.jpg" server="jordanlynton.com" local="3558884818" remote="3606916380" Dst="-1" /><file name="6.jpg" server="jordanlynton.com" local="3558884818" remote="3606916380" Dst="-1" /><file name="7.jpg" server="jordanlynton.com" local="3558884818" remote="3606916380" Dst="-1" /><file name="8.jpg" server="jordanlynton.com" local="3558884818" remote="3606916380" Dst="-1" /><file name="9.jpg" server="jordanlynton.com" local="3558884818" remote="3606916380" Dst="-1" /><file name="1.jpg" server="jordanlynton.com/public_html/" local="3608581823" remote="3608574720" Dst="-1" /><file name="2.jpg" server="jordanlynton.com/public_html/" local="3558884818" remote="3607437360" Dst="-1" /><file name="3.jpg" server="jordanlynton.com/public_html/" local="3558884818" remote="3607437360" Dst="-1" /><file name="4.jpg" server="jordanlynton.com/public_html/" local="3558884818" remote="3607437360" Dst="-1" /><file name="5.jpg" server="jordanlynton.com/public_html/" local="3558884818" remote="3607437360" Dst="-1" /><file name="6.jpg" server="jordanlynton.com/public_html/" local="3558884818" remote="3607437360" Dst="-1" /><file name="7.jpg" server="jordanlynton.com/public_html/" local="3558884818" remote="3607437360" Dst="-1" /><file name="8.jpg" server="jordanlynton.com/public_html/" local="3558884818" remote="3607437360" Dst="-1" /><file name="9.jpg" server="jordanlynton.com/public_html/" local="3558884818" remote="3607437360" Dst="-1" /><file name=".DS_Store" server="jordanlynton.com/public_html/" local="3608582045" remote="3608574900" Dst="-1" /></dwsync>