<?xml version="1.0" encoding="utf-8" ?><dwsync><file name="fancybox_sprite.png" server="jordanlynton.com" local="3552820286" remote="3606916380" Dst="-1" /><file name="fancybox_overlay.png" server="jordanlynton.com" local="3552820286" remote="3606916380" Dst="-1" /><file name="fancybox_sprite@2x.png" server="jordanlynton.com" local="3557692710" remote="3606916380" Dst="-1" /><file name="loader.gif" server="jordanlynton.com" local="3558814822" remote="3606916380" Dst="-1" /><file name="favicon.png" server="jordanlynton.com" local="3565567192" remote="3606916380" Dst="-1" /><file name="logo.png" server="jordanlynton.com" local="3565563108" remote="3606916380" Dst="-1" /><file name="fancybox_overlay.png" server="jordanlynton.com/public_html/" local="3552820286" remote="3607437360" Dst="-1" /><file name="fancybox_sprite.png" server="jordanlynton.com/public_html/" local="3552820286" remote="3607437360" Dst="-1" /><file name="fancybox_sprite@2x.png" server="jordanlynton.com/public_html/" local="3557692710" remote="3607437360" Dst="-1" /><file name="favicon.png" server="jordanlynton.com/public_html/" local="3608234634" remote="3608227440" Dst="-1" /><file name="loader.gif" server="jordanlynton.com/public_html/" local="3558814822" remote="3608278020" Dst="-1" /><file name="logo.png" server="jordanlynton.com/public_html/" local="3607618448" remote="3607611240" Dst="-1" /><file name=".DS_Store" server="jordanlynton.com/public_html/" local="3608582052" remote="3608574900" Dst="-1" /></dwsync>